{
  "run_timestamp": "2025-11-29T03:17:05.610025",
  "config": {
    "research_question": "How does temperature affect enzyme activity?",
    "domain": "biology",
    "num_cycles": 20,
    "llm_provider": "litellm/ollama/qwen3-kosmos-fast"
  },
  "workflow_results": {
    "cycles_completed": 20,
    "hypotheses_generated": 40,
    "experiments_designed": 20,
    "cycle_times": [
      84.55882048606873,
      89.47852540016174,
      88.02460265159607,
      86.03421258926392,
      83.53312420845032,
      87.08053350448608,
      94.91199827194214,
      86.94385147094727,
      86.51680564880371,
      88.27443885803223,
      84.6697895526886,
      81.38476538658142,
      86.03782725334167,
      84.46332788467407,
      91.6547155380249,
      89.24702310562134,
      93.39460349082947,
      97.3668839931488,
      83.40788984298706,
      85.96040105819702
    ],
    "error": null
  },
  "provider_usage": {
    "provider": "litellm",
    "total_requests": 60,
    "total_input_tokens": 35208,
    "total_output_tokens": 46068,
    "total_tokens": 81276,
    "total_cost_usd": 0.01782816
  },
  "timing": {
    "total_seconds": 1753.08646941185,
    "total_minutes": 29.218107823530833,
    "avg_per_cycle": 87.6543234705925,
    "cycle_times": [
      84.55882048606873,
      89.47852540016174,
      88.02460265159607,
      86.03421258926392,
      83.53312420845032,
      87.08053350448608,
      94.91199827194214,
      86.94385147094727,
      86.51680564880371,
      88.27443885803223,
      84.6697895526886,
      81.38476538658142,
      86.03782725334167,
      84.46332788467407,
      91.6547155380249,
      89.24702310562134,
      93.39460349082947,
      97.3668839931488,
      83.40788984298706,
      85.96040105819702
    ]
  }
}