{
  "run_timestamp": "2025-11-29T04:38:50.579842",
  "config": {
    "research_question": "How does temperature affect enzyme activity?",
    "domain": "biology",
    "num_cycles": 3,
    "llm_provider": "litellm/ollama/qwen3-kosmos-fast"
  },
  "workflow_results": {
    "cycles_completed": 3,
    "hypotheses_generated": 6,
    "experiments_designed": 3,
    "cycle_times": [
      88.97753024101257,
      86.35192775726318,
      85.45526075363159
    ],
    "error": null
  },
  "provider_usage": {
    "provider": "litellm",
    "total_requests": 9,
    "total_input_tokens": 5301,
    "total_output_tokens": 7088,
    "total_tokens": 12389,
    "total_cost_usd": 0.0027267800000000003
  },
  "timing": {
    "total_seconds": 260.9316670894623,
    "total_minutes": 4.348861118157704,
    "avg_per_cycle": 86.9772223631541,
    "cycle_times": [
      88.97753024101257,
      86.35192775726318,
      85.45526075363159
    ]
  }
}